{
    "listItems": [
        {"url":"dashboard1.html", "name":"Dashboard 1", "icon":"ft-home"},
        {"url":"dashboard2.html", "name":"Dashboard 2", "icon":"ft-home"},
        {"url":"color-palette.html", "name":"Color Palette", "icon":"ft-droplet"},
        {"url":"app-email.html", "name":"Email", "icon":"ft-mail"},
        {"url":"app-chat.html", "name":"Chat", "icon":"ft-message-square"},
        {"url":"app-taskboard.html", "name":"Task Board", "icon":"ft-file-text"},
        {"url":"app-calendar.html", "name":"Calendar", "icon":"ft-calendar"},
        {"url":"grids.html", "name":"Grid", "icon":"ft-grid"},
        {"url":"typography.html", "name":"Typography", "icon":"ft-type"},
        {"url":"syntax-highlighter.html", "name":"Syntax Highlighter", "icon":"ft-edit-1"},
        {"url":"helper-classes.html", "name":"Helper Classes", "icon":"ft-help-circle"},
        {"url":"text-utilities.html", "name":"Text Utilities", "icon":"ft-underline"},
        {"url":"icons-feather.html", "name":"Feather Icon", "icon":"ft-feather"},
        {"url":"icons-font-awesome.html", "name":"Font Awesome Icon", "icon":"ft-flag"},
        {"url":"icons-simple-line.html", "name":"Simple Line Icon", "icon":"ft-navigation"},
        {"url":"components-buttons.html", "name":"Buttons", "icon":"ft-plus-circle"},
        {"url":"components-alerts.html", "name":"Alerts", "icon":"ft-alert-triangle"},
        {"url":"components-badges.html", "name":"Badges", "icon":"ft-square"},
        {"url":"components-dropdowns.html", "name":"Dropdowns", "icon":"ft-pocket"},
        {"url":"components-media-objects.html", "name":"Media Objects", "icon":"ft-image"},
        {"url":"components-pagination.html", "name":"Pagination", "icon":"ft-chevrons-right"},
        {"url":"components-progress.html", "name":"Progress Bars", "icon":"ft-sliders"},
        {"url":"components-modals.html", "name":"Modals", "icon":"ft-layout"},
        {"url":"components-collapse.html", "name":"Collapse", "icon":"ft-minimize"},
        {"url":"components-lists.html", "name":"List Group", "icon":"ft-list"},
        {"url":"components-carousel.html", "name":"Carousel", "icon":"ft-map"},
        {"url":"components-popover.html", "name":"Popover", "icon":"ft-message-square"},
        {"url":"components-tabs.html", "name":"Tabs", "icon":"ft-server"},
        {"url":"components-tooltip.html", "name":"Tooltip", "icon":"ft-message-square"},
        {"url":"components-spinner.html", "name":"Spinner", "icon":"ft-loader"},
        {"url":"components-toast.html", "name":"Toast Component", "icon":"ft-server"},
        {"url":"ex-component-sweet-alerts.html", "name":"Sweet Alert", "icon":"ft-alert-triangle"},
        {"url":"ex-component-toastr.html", "name":"Toastr", "icon":"ft-map"},
        {"url":"ex-component-nouislider.html", "name":"NoUI Slider", "icon":"ft-sliders"},
        {"url":"ex-component-upload.html", "name":"Upload", "icon":"ft-upload"},
        {"url":"ex-component-dragndrop.html", "name":"Drag and Drop", "icon":"ft-copy"},
        {"url":"ex-component-tour.html", "name":"Tour", "icon":"ft-send"},
        {"url":"ex-component-media-player.html", "name":"Media Player", "icon":"ft-music"},
        {"url":"ex-component-treeview.html", "name":"Treeview", "icon":"ft-align-left"},
        {"url":"ex-component-swiper.html", "name":"Swiper", "icon":"ft-smartphone"},
        {"url":"ex-component-miscellaneous.html", "name":"Miscellaneous", "icon":"ft-cpu"},
        {"url":"ex-component-avatar.html", "name":"Avatar", "icon":"ft-user"},
        {"url":"ex-component-image-cropper.html", "name":"Image Cropper", "icon":"ft-crop"},
        {"url":"form-inputs.html", "name":"Form Inputs", "icon":"ft-file-text"},
        {"url":"form-input-groups.html", "name":"Form Input Groups", "icon":"ft-book-open"},
        {"url":"form-radio.html", "name":"Radio", "icon":"ft-target"},
        {"url":"form-checkbox.html", "name":"Checkbox", "icon":"ft-check-square"},
        {"url":"form-switch.html", "name":"Switch", "icon":"ft-toggle-right"},
        {"url":"form-input-tags.html", "name":"Form Input Tags", "icon":"ft-tag"},
        {"url":"form-editor.html", "name":"Form Editor", "icon":"ft-edit"},
        {"url":"form-datetimepicker.html", "name":"Datepicker", "icon":"ft-calendar"},
        {"url":"form-select.html", "name":"Form Select", "icon":"ft-check-square"},
        {"url":"form-layout.html", "name":"Form Layouts", "icon":"ft-layout"},
        {"url":"form-validation.html", "name":"Form Validation", "icon":"ft-check-circle"},
        {"url":"form-wizard.html", "name":"Form Wizard", "icon":"ft-layers"},
        {"url":"table-basic.html", "name":"Basic Tables", "icon":"ft-sidebar"},
        {"url":"table-extended.html", "name":"Extended Tables", "icon":"ft-grid"},
        {"url":"dt-basic-initialization.html", "name":"Basic DataTables", "icon":"ft-layout"},
        {"url":"dt-advanced-initialization.html", "name":"Advanced DataTables", "icon":"ft-layout"},
        {"url":"dt-data-sources.html", "name":"Data Sources", "icon":"ft-layout"},
        {"url":"dt-api.html", "name":"API", "icon":"ft-layout"},
        {"url":"cards-basic.html", "name":"Basic Cards", "icon":"ft-layers"},
        {"url":"cards-advanced.html", "name":"Advanced Cards", "icon":"ft-grid"},
        {"url":"map-leaflet.html", "name":"Maps", "icon":"ft-map"},
        {"url":"charts-apex.html", "name":"Apex Charts", "icon":"ft-bar-chart-2"},
        {"url":"charts-chartjs.html", "name":"ChartJs", "icon":"ft-pie-chart"},
        {"url":"charts-chartist.html", "name":"Chartist", "icon":"ft-bar-chart-line"},
        {"url":"auth-forgot-password.html", "name":"Forgot Password", "icon":"ft-alert-octagon"},
        {"url":"auth-login.html", "name":"Login", "icon":"ft-log-in"},
        {"url":"auth-register.html", "name":"Register", "icon":"ft-user-plus"},
        {"url":"auth-lock-screen.html", "name":"Lock Screen", "icon":"ft-lock"},
        {"url":"timeline-horizontal.html", "name":"Horizontal Timeline", "icon":"ft-credit-card"},
        {"url":"timeline-vertical-center.html", "name":"Vertical Timeline Center", "icon":"ft-sidebar"},
        {"url":"timeline-vertical-left.html", "name":"Vertical Timeline Left", "icon":"ft-sidebar"},
        {"url":"timeline-vertical-right.html", "name":"Vertical Timeline Right", "icon":"ft-sidebar"},
        {"url":"page-users-list.html", "name":"Users List", "icon":"ft-search"},
        {"url":"page-users-view.html", "name":"Users View", "icon":"ft-search"},
        {"url":"page-users-edit.html", "name":"Users Edit", "icon":"ft-search"},
        {"url":"page-account-settings.html", "name":"Account Settings", "icon":"ft-settings"},
        {"url":"page-user-profile.html", "name":"User Profile", "icon":"ft-user"},
        {"url":"page-invoice.html", "name":"Invoice", "icon":"ft-file-text"},
        {"url":"page-error.html", "name":"Error", "icon":"ft-alert-triangle"},
        {"url":"page-coming-soon.html", "name":"Coming Soon", "icon":"ft-clock"},
        {"url":"page-maintenance.html", "name":"Maintenance", "icon":"ft-settings"},
        {"url":"page-gallery.html", "name":"Gallery", "icon":"ft-image"},
        {"url":"page-search.html", "name":"Search", "icon":"ft-search"},
        {"url":"page-faq.html", "name":"FAQ", "icon":"ft-help-circle"},
        {"url":"page-knowledge-base.html", "name":"Knowledge Base", "icon":"ft-info"}
    ]
}
